,high risk,low risk,mid risk
AUC,0.9478534378103963,0.9006830601092896,0.8722184099598078
