,count,unique,top,freq,mean,std,min,25%,50%,75%,max
Age,707.0,,,,29.80905233380481,13.440521690828072,10.0,19.0,26.0,38.5,65.0
SystolicBP,707.0,,,,113.41018387553041,18.32694291614655,70.0,100.0,120.0,120.0,160.0
DiastolicBP,707.0,,,,76.57850070721358,13.941520578804182,49.0,65.0,80.0,90.0,100.0
BS,707.0,,,,8.740975954738332,3.3108555304654472,6.0,6.9,7.5,8.0,19.0
BodyTemp,707.0,,,,98.63988684582743,1.3507920197655954,98.0,98.0,98.0,98.0,103.0
HeartRate,707.0,,,,74.32956152758133,7.525990110582135,60.0,70.0,76.0,80.0,90.0
RiskLevel,707,3,low risk,282,,,,,,,
